{"cameraMode":{"drawMode":0,"name":"Shaded","section":"Shading Mode"},"sceneLighting":true,"audioPlay":false,"sceneViewState":{"showFog":false,"showMaterialUpdate":false,"showSkybox":false,"showFlares":false,"showImageEffects":false,"showParticleSystems":false},"in2DMode":false,"pivot":{"x":27.74724578857422,"y":-62.935752868652347,"z":43.842140197753909},"rotation":{"x":0.5928007960319519,"y":0.0031756749376654627,"z":-0.002292787889018655,"w":0.8054059743881226},"size":123.87654876708985,"orthographic":false}