{"cameraMode":{"drawMode":0,"name":"Shaded","section":"Shading Mode"},"sceneLighting":false,"audioPlay":false,"sceneViewState":{"showFog":false,"showMaterialUpdate":false,"showSkybox":false,"showFlares":false,"showImageEffects":false,"showParticleSystems":false},"in2DMode":false,"pivot":{"x":9.954058647155762,"y":5.500565052032471,"z":44.417606353759769},"rotation":{"x":-0.18521550297737122,"y":-0.017109127715229989,"z":0.003185149747878313,"w":-0.9825929999351502},"size":5.2583136558532719,"orthographic":false}