{"cameraMode":{"drawMode":0,"name":"Shaded","section":"Shading Mode"},"sceneLighting":true,"audioPlay":false,"sceneViewState":{"showFog":false,"showMaterialUpdate":false,"showSkybox":false,"showFlares":false,"showImageEffects":false,"showParticleSystems":false},"in2DMode":false,"pivot":{"x":57.03915023803711,"y":-22.505754470825197,"z":16.563068389892579},"rotation":{"x":0.16143840551376344,"y":0.6773762106895447,"z":-0.15610437095165254,"w":0.7005224227905273},"size":71.9882583618164,"orthographic":false}