{"cameraMode":{"drawMode":0,"name":"Shaded","section":"Shading Mode"},"sceneLighting":true,"audioPlay":false,"sceneViewState":{"showFog":false,"showMaterialUpdate":false,"showSkybox":false,"showFlares":false,"showImageEffects":false,"showParticleSystems":false},"in2DMode":false,"pivot":{"x":51.78873825073242,"y":43.473209381103519,"z":20.058650970458986},"rotation":{"x":-0.39015382528305056,"y":0.5827367305755615,"z":-0.3750184178352356,"w":-0.6062957644462586},"size":9.47852897644043,"orthographic":false}