{"cameraMode":{"drawMode":0,"name":"Shaded","section":"Shading Mode"},"sceneLighting":false,"audioPlay":false,"sceneViewState":{"showFog":false,"showMaterialUpdate":false,"showSkybox":false,"showFlares":false,"showImageEffects":false,"showParticleSystems":false},"in2DMode":false,"pivot":{"x":23.198898315429689,"y":3.6250648498535158,"z":35.33590316772461},"rotation":{"x":-0.04838639125227928,"y":-0.5271042585372925,"z":0.030071604996919633,"w":-0.8478968739509583},"size":12.96318244934082,"orthographic":false}