{"cameraMode":{"drawMode":0,"name":"Shaded","section":"Shading Mode"},"sceneLighting":false,"audioPlay":false,"sceneViewState":{"showFog":false,"showMaterialUpdate":false,"showSkybox":false,"showFlares":false,"showImageEffects":false,"showParticleSystems":false},"in2DMode":false,"pivot":{"x":0.8700000047683716,"y":8.046525001525879,"z":56.869998931884769},"rotation":{"x":0.31227871775627139,"y":0.5896888971328735,"z":-0.2643487751483917,"w":0.6963805556297302},"size":6.78117561340332,"orthographic":false}