{"cameraMode":{"drawMode":0,"name":"Shaded","section":"Shading Mode"},"sceneLighting":false,"audioPlay":false,"sceneViewState":{"showFog":false,"showMaterialUpdate":false,"showSkybox":false,"showFlares":false,"showImageEffects":false,"showParticleSystems":false},"in2DMode":false,"pivot":{"x":0.33298301696777346,"y":0.4721832275390625,"z":-1.6844053268432618},"rotation":{"x":-0.19273093342781068,"y":-0.75166255235672,"z":0.2501834034919739,"w":-0.5790353417396545},"size":7.440035820007324,"orthographic":false}