{"cameraMode":{"drawMode":0,"name":"Shaded","section":"Shading Mode"},"sceneLighting":false,"audioPlay":false,"sceneViewState":{"showFog":false,"showMaterialUpdate":false,"showSkybox":false,"showFlares":false,"showImageEffects":false,"showParticleSystems":false},"in2DMode":false,"pivot":{"x":18.503684997558595,"y":-3.5536115169525148,"z":46.959651947021487},"rotation":{"x":-0.04838639125227928,"y":-0.5271042585372925,"z":0.030071604996919633,"w":-0.8478968739509583},"size":22.0,"orthographic":false}