{"cameraMode":{"drawMode":0,"name":"Shaded","section":"Shading Mode"},"sceneLighting":false,"audioPlay":false,"sceneViewState":{"showFog":false,"showMaterialUpdate":false,"showSkybox":false,"showFlares":false,"showImageEffects":false,"showParticleSystems":false},"in2DMode":false,"pivot":{"x":1.7937002182006837,"y":3.1825270652770998,"z":-7.565300464630127},"rotation":{"x":-0.3184782564640045,"y":0.5139970183372498,"z":-0.2132279872894287,"w":-0.7674769163131714},"size":8.937769889831543,"orthographic":false}