{"cameraMode":{"drawMode":0,"name":"Shaded","section":"Shading Mode"},"sceneLighting":false,"audioPlay":false,"sceneViewState":{"showFog":false,"showMaterialUpdate":false,"showSkybox":false,"showFlares":false,"showImageEffects":false,"showParticleSystems":false},"in2DMode":false,"pivot":{"x":4.900000095367432,"y":1.784726858139038,"z":30.079999923706056},"rotation":{"x":0.19472156465053559,"y":-0.2450990080833435,"z":0.050322361290454867,"w":0.9484086036682129},"size":8.937768936157227,"orthographic":false}