{"cameraMode":{"drawMode":0,"name":"Shaded","section":"Shading Mode"},"sceneLighting":true,"audioPlay":false,"sceneViewState":{"showFog":false,"showMaterialUpdate":false,"showSkybox":false,"showFlares":false,"showImageEffects":false,"showParticleSystems":false},"in2DMode":false,"pivot":{"x":18.503684997558595,"y":-3.5536115169525148,"z":46.959651947021487},"rotation":{"x":-0.35095512866973879,"y":-0.14249567687511445,"z":0.05410654470324516,"w":-0.9239732623100281},"size":48.49643325805664,"orthographic":false}