{"cameraMode":{"drawMode":0,"name":"Shaded","section":"Shading Mode"},"sceneLighting":false,"audioPlay":false,"sceneViewState":{"showFog":false,"showMaterialUpdate":false,"showSkybox":false,"showFlares":false,"showImageEffects":false,"showParticleSystems":false},"in2DMode":false,"pivot":{"x":0.5539229512214661,"y":2.0230016708374025,"z":0.26460742950439455},"rotation":{"x":0.11387813836336136,"y":0.05659463629126549,"z":-0.0064909267239272598,"w":0.9918818473815918},"size":8.801408767700196,"orthographic":false}