{"cameraMode":{"drawMode":0,"name":"Shaded","section":"Shading Mode"},"sceneLighting":false,"audioPlay":false,"sceneViewState":{"showFog":false,"showMaterialUpdate":false,"showSkybox":false,"showFlares":false,"showImageEffects":false,"showParticleSystems":false},"in2DMode":false,"pivot":{"x":4.404410362243652,"y":4.308966159820557,"z":16.506772994995118},"rotation":{"x":0.09388464689254761,"y":0.8513928055763245,"z":-0.1630992442369461,"w":0.4897059202194214},"size":5.400057792663574,"orthographic":false}