{"cameraMode":{"drawMode":0,"name":"Shaded","section":"Shading Mode"},"sceneLighting":false,"audioPlay":false,"sceneViewState":{"showFog":false,"showMaterialUpdate":false,"showSkybox":false,"showFlares":false,"showImageEffects":false,"showParticleSystems":false},"in2DMode":false,"pivot":{"x":0.6911921501159668,"y":4.279959201812744,"z":4.020196437835693},"rotation":{"x":-0.03874005749821663,"y":-0.4661213159561157,"z":0.02042677067220211,"w":-0.8836445212364197},"size":7.440035820007324,"orthographic":false}