{"cameraMode":{"drawMode":0,"name":"Shaded","section":"Shading Mode"},"sceneLighting":true,"audioPlay":false,"sceneViewState":{"showFog":false,"showMaterialUpdate":false,"showSkybox":false,"showFlares":false,"showImageEffects":false,"showParticleSystems":false},"in2DMode":false,"pivot":{"x":22.472585678100587,"y":-6.782310485839844,"z":26.536273956298829},"rotation":{"x":0.0021571579854935409,"y":-0.9243887066841126,"z":0.38159528374671938,"w":0.005291948560625315},"size":58.00238037109375,"orthographic":false}