{"cameraMode":{"drawMode":0,"name":"Shaded","section":"Shading Mode"},"sceneLighting":true,"audioPlay":false,"sceneViewState":{"showFog":false,"showMaterialUpdate":false,"showSkybox":false,"showFlares":false,"showImageEffects":false,"showParticleSystems":false},"in2DMode":false,"pivot":{"x":736.4437866210938,"y":279.5111999511719,"z":-133.8551025390625},"rotation":{"x":0.17485196888446809,"y":0.025101203471422197,"z":-0.004452911671251059,"w":0.9842858910560608},"size":1358.6878662109375,"orthographic":false}