{"cameraMode":{"drawMode":0,"name":"Shaded","section":"Shading Mode"},"sceneLighting":false,"audioPlay":false,"sceneViewState":{"showFog":false,"showMaterialUpdate":false,"showSkybox":false,"showFlares":false,"showImageEffects":false,"showParticleSystems":false},"in2DMode":false,"pivot":{"x":0.00003458747232798487,"y":0.00003441039734752849,"z":-0.000011416519555496052},"rotation":{"x":-0.03174888715147972,"y":0.37024277448654177,"z":0.012673069722950459,"w":0.9283284544944763},"size":0.00005715767838410102,"orthographic":false}